{"type": "block", "layer": 4, "block": 0, "features": [{"geom": {"triangles": {"v": [-827.7854159064591, -4162.744479821995, 0.0, -1633.160415906459, -3193.494479821995, 0.0, -1670.597915906459, -3741.369479821995, 0.0, -640.4729159064591, -4092.619479821995, 0.0, -204.9104159064591, -3114.994479821995, 0.0, -1633.160415906459, -2861.119479821995, 0.0, -1642.535415906459, -2213.994479821995, 0.0, -1639.972915906459, -1833.994479821995, 0.0, -1632.660415906459, -1601.369479821995, 0.0, -1643.660415906459, -1676.869479821995, 0.0, -1647.910415906459, -1718.619479821995, 0.0, -206.2229159064591, -3071.744479821995, 0.0, -186.3479159064591, -3033.369479821995, 0.0, -155.5354159064591, -3000.744479821995, 0.0, -132.2854159064591, -2986.244479821995, 0.0, -1588.222915906459, -1482.869479821995, 0.0, -1551.785415906459, -1350.869479821995, 0.0, -1536.535415906459, -1292.744479821995, 0.0, -1519.097915906459, -1029.744479821995, 0.0, -48.09791590645909, -2921.494479821995, 0.0, -68.7854159064591, -2945.369479821995, 0.0, -31.097915906459093, -2887.494479821995, 0.0, 4.089584093540907, -2832.244479821995, 0.0, 82.6520840935409, -2783.869479821995, 0.0, -1503.722915906459, -731.6194798219949, 0.0, 119.0895840935409, -2759.994479821995, 0.0, 159.3395840935409, -2734.244479821995, 0.0, 140.4645840935409, -2749.994479821995, 0.0, 175.0270840935409, -2710.369479821995, 0.0, 223.4020840935409, -2646.244479821995, 0.0, 263.2770840935409, -2593.994479821995, 0.0, 436.0895840935409, -2506.619479821995, 0.0, 336.7770840935409, -2561.869479821995, 0.0, 385.8395840935409, -2542.994479821995, 0.0, 473.2145840935409, -2470.494479821995, 0.0, 542.3395840935409, -2413.869479821995, 0.0, -1491.910415906459, -626.7444798219949, 0.0, 568.7145840935409, -2409.494479821995, 0.0, -1491.910415906459, -500.8694798219949, 0.0, -1192.222915906459, 568.3805201780051, 0.0, -1494.972915906459, -424.4944798219949, 0.0, -1273.660415906459, 486.8805201780051, 0.0, -1508.160415906459, -179.1194798219949, 0.0, -1511.160415906459, -317.4944798219949, 0.0, -1482.535415906459, 41.8805201780051, 0.0, -1504.285415906459, -79.8694798219949, 0.0, -1349.535415906459, 409.3805201780051, 0.0, -1421.847915906459, 332.2555201780051, 0.0, -1482.972915906459, 167.3805201780051, 0.0, -1466.285415906459, 243.2555201780051, 0.0, -1168.097915906459, 649.7555201780051, 0.0, 587.0270840935409, -2406.369479821995, 0.0, 891.9645840935409, -2366.619479821995, 0.0, 637.9020840935409, -2430.244479821995, 0.0, 624.0895840935409, -2425.244479821995, 0.0, 873.0895840935409, -2389.244479821995, 0.0, 683.1520840935409, -2447.244479821995, 0.0, 715.8395840935409, -2458.494479821995, 0.0, 857.0895840935409, -2414.994479821995, 0.0, 745.4020840935409, -2462.869479821995, 0.0, 815.2770840935409, -2450.119479821995, 0.0, 830.3395840935409, -2447.619479821995, 0.0, 935.9020840935409, -2344.619479821995, 0.0, 911.4020840935409, -2360.244479821995, 0.0, 964.1520840935409, -2287.744479821995, 0.0, 954.1520840935409, -2311.869479821995, 0.0, 979.8395840935409, -2233.619479821995, 0.0, 974.8395840935409, -2264.494479821995, 0.0, 1008.7770840935409, -2190.244479821995, 0.0, 1034.527084093541, -2166.369479821995, 0.0, 1066.589584093541, -2139.869479821995, 0.0, 1108.089584093541, -2129.244479821995, 0.0, 1082.902084093541, -2136.119479821995, 0.0, 1128.152084093541, -2113.494479821995, 0.0, 1191.652084093541, -2081.494479821995, 0.0, 1151.464584093541, -2102.744479821995, 0.0, 1238.152084093541, -2008.494479821995, 0.0, 1205.464584093541, -2061.369479821995, 0.0, 1470.777084093541, -586.7444798219949, 0.0, 1316.152084093541, -1933.619479821995, 0.0, 1350.089584093541, -1901.619479821995, 0.0, 1427.402084093541, -1835.619479821995, 0.0, 1476.402084093541, -652.7444798219949, 0.0, 1510.964584093541, -826.7444798219949, 0.0, 1490.214584093541, -707.9944798219949, 0.0, 1500.277084093541, -751.4944798219949, 0.0, 1509.714584093541, -815.6194798219949, 0.0, 1439.339584093541, -1817.619479821995, 0.0, 1484.589584093541, -1760.494479821995, 0.0, 1532.339584093541, -928.4944798219949, 0.0, 1501.527084093541, -1721.494479821995, 0.0, 1539.277084093541, -974.3694798219949, 0.0, 1561.902084093541, -1129.869479821995, 0.0, 1556.214584093541, -1046.869479821995, 0.0, 1543.839584093541, -1587.119479821995, 0.0, 1566.902084093541, -1203.994479821995, 0.0, 1551.839584093541, -1560.494479821995, 0.0, 1576.964584093541, -1293.244479821995, 0.0, 1584.527084093541, -1380.744479821995, 0.0, 1588.277084093541, -1415.869479821995, 0.0, 1564.402084093541, -1543.369479821995, 0.0, 1597.089584093541, -1446.619479821995, 0.0, 1585.152084093541, -1532.119479821995, 0.0, 1617.214584093541, -1484.994479821995, 0.0, 1614.652084093541, -1519.494479821995, 0.0, 1621.589584093541, -1501.244479821995, 0.0, 1526.714584093541, -1654.119479821995, 0.0, 1541.152084093541, -1606.994479821995, 0.0, 1514.777084093541, -1692.494479821995, 0.0, 1527.339584093541, -876.9944798219949, 0.0, 1423.652084093541, -231.4944798219949, 0.0, -1160.535415906459, 708.6305201780051, 0.0, -1155.160415906459, 1002.0055201780051, 0.0, 1409.777084093541, -158.6194798219949, 0.0, 1411.714584093541, -96.4944798219949, 0.0, 1436.839584093541, 135.1305201780051, 0.0, 1510.339584093541, 677.7555201780051, 0.0, -1154.785415906459, 1052.380520178005, 0.0, -1136.472915906459, 1403.880520178005, 0.0, -1146.285415906459, 1346.505520178005, 0.0, -1165.785415906459, 1165.880520178005, 0.0, -1167.035415906459, 1237.005520178005, 0.0, 1347.964584093541, 1505.255520178005, 0.0, 1325.964584093541, 1572.505520178005, 0.0, -1136.472915906459, 1474.630520178005, 0.0, -987.5354159064591, 1771.505520178005, 0.0, -1081.535415906459, 1648.255520178005, 0.0, -1110.847915906459, 1589.380520178005, 0.0, -1136.472915906459, 1507.630520178005, 0.0, -1052.285415906459, 1703.130520178005, 0.0, -935.0354159064591, 1802.005520178005, 0.0, -870.3479159064591, 1869.130520178005, 0.0, -831.2854159064591, 1912.130520178005, 0.0, 1128.589584093541, 1968.380520178005, 0.0, 1178.277084093541, 1911.755520178005, 0.0, 1213.464584093541, 1874.630520178005, 0.0, 1304.589584093541, 1734.505520178005, 0.0, 1343.527084093541, 1628.505520178005, 0.0, 1341.652084093541, 1676.630520178005, 0.0, 1265.027084093541, 1825.630520178005, 0.0, 1057.589584093541, 2048.130520178005, 0.0, 1010.4645840935409, 2104.755520178005, 0.0, -812.9729159064591, 1963.380520178005, 0.0, 997.9020840935409, 2125.130520178005, 0.0, -815.4104159064591, 2103.880520178005, 0.0, 979.0270840935409, 2248.255520178005, 0.0, 1000.4020840935409, 2159.005520178005, 0.0, 994.1520840935409, 2213.755520178005, 0.0, 1001.6520840935409, 2178.505520178005, 0.0, 968.3395840935409, 2287.630520178005, 0.0, -808.3479159064591, 2282.380520178005, 0.0, -818.9104159064591, 2218.505520178005, 0.0, -820.2854159064591, 2217.255520178005, 0.0, -794.2854159064591, 2359.505520178005, 0.0, -774.6604159064591, 2469.630520178005, 0.0, -761.0979159064591, 2533.005520178005, 0.0, -767.0979159064591, 2507.880520178005, 0.0, 970.2145840935409, 2336.005520178005, 0.0, 975.2770840935409, 2398.255520178005, 0.0, -694.7229159064591, 2804.255520178005, 0.0, -664.5354159064591, 2829.005520178005, 0.0, -652.9729159064591, 2840.630520178005, 0.0, 983.4645840935409, 2434.630520178005, 0.0, 994.1520840935409, 2471.755520178005, 0.0, -636.4104159064591, 2925.005520178005, 0.0, -651.1604159064591, 2861.380520178005, 0.0, 997.9020840935409, 2483.755520178005, 0.0, -631.8479159064591, 2945.630520178005, 0.0, -588.1604159064591, 3039.755520178005, 0.0, -580.0979159064591, 3055.880520178005, 0.0, 1009.8395840935409, 2517.005520178005, 0.0, 1061.402084093541, 2819.130520178005, 0.0, -566.5354159064591, 3123.380520178005, 0.0, 1067.652084093541, 2874.505520178005, 0.0, -562.4729159064591, 3144.005520178005, 0.0, -566.5354159064591, 3210.255520178005, 0.0, -502.8479159064591, 3609.380520178005, 0.0, 1103.339584093541, 3619.630520178005, 0.0, 1046.777084093541, 3734.005520178005, 0.0, -488.3479159064591, 